Store,Week,Quant,Price,Deal
2,1,14016,4.09,1
2,2,21504,3.59,1
2,3,33024,3.14,1
2,4,8896,3.64,1
2,5,12736,4.09,0
2,6,20928,3.54,1
2,7,70272,3.54,1
2,8,36928,3.54,1
2,9,34304,4.09,0
2,10,10880,4.09,1
2,11,76416,3.54,0
2,12,9024,4.09,1
2,13,65024,3.14,1
2,14,18176,3.99,0
2,15,46912,3.19,1
2,16,13184,3.99,1
2,17,41408,3.19,1
2,18,28288,3.19,1
2,19,9280,4.09,0
2,20,26752,3.44,1
2,21,8320,4.04,0
2,22,8960,4.04,1
2,23,39360,3.24,1
2,24,22208,2.93,1
2,25,8576,4.04,1
2,26,14272,4.04,1
2,27,46720,3.24,1
2,28,21568,3.24,1
2,29,25856,3.24,1
2,30,49088,3.79,1
2,31,24960,3.34,1
2,32,16384,3.34,1
2,33,27554,3.34,0
2,34,22720,4.04,1
2,35,23552,3.79,1
2,36,55616,3.24,0
2,37,17472,3.79,1
2,38,37696,3.18,0
2,39,19392,3.6,1
2,40,10688,3.77,0
2,41,12544,3.68,1
2,42,11264,3.68,1
2,43,10880,3.68,1
2,44,8448,3.68,1
2,45,65152,3.54,1
2,46,40448,3.59,1
2,47,43200,3.05,0
2,48,16320,3.31,1
2,49,16960,3.59,1
2,50,20544,3.51,1
2,51,42240,3.22,1
2,52,29120,3.09,1
2,53,28288,2.97,1
2,54,61440,2.89,1
2,55,26624,3.04,1
2,56,9344,3.84,0
2,57,17920,3.49,0
2,58,63744,3.34,1
2,59,29120,2.79,1
2,60,10432,3.84,0
2,61,46528,3.24,0
2,62,29120,3.14,1
2,63,33792,3.19,1
2,64,25664,3.09,1
2,65,161024,3.4,1
2,66,34496,3.31,1
2,67,14592,3.82,1
2,68,7040,4.13,0
2,69,11776,3.57,0
2,70,27904,3.34,1
2,71,13184,4.01,0
2,72,20672,3.86,0
2,73,8896,4.1,0
2,74,19648,3.99,1
2,75,67392,3.68,1
2,76,25024,3.63,1
2,77,48192,3.53,1
2,78,38656,3.59,1
2,79,28736,3.38,1
2,80,33728,3.54,0
2,81,8576,4.13,0
2,82,5440,4.13,0
2,83,6528,4.11,0
2,84,72640,3.84,1
2,85,9600,3.77,0
2,86,23040,3.39,1
2,87,27456,3.38,1
2,88,28736,3.26,1
2,89,11840,3.81,1
2,90,17088,3.72,0
2,91,28864,3.55,0
2,92,7808,3.87,1
2,93,18112,3.49,1
2,94,30272,3.45,1
2,95,7296,3.98,0
2,96,11904,3.75,0
2,97,18432,3.58,1
2,98,9600,3.98,0
2,99,63808,3.38,0
2,100,22656,3.4,0
2,101,13184,3.82,0
2,102,31552,3.52,1
2,103,16576,3.6,1
2,104,43136,3.27,0
14,1,15296,4.09,1
14,2,20480,3.59,1
14,3,38016,3.14,1
14,4,15936,3.64,1
14,5,11264,4.09,0
14,6,25472,3.54,1
14,7,51392,3.54,1
14,8,19968,3.54,1
14,9,9664,4.09,0
14,10,9664,4.09,1
14,11,34944,3.69,0
14,12,4672,4.09,1
14,13,64576,3.14,1
14,14,14400,3.99,0
14,15,33984,3.19,1
14,16,14592,3.99,1
14,17,40064,3.19,1
14,18,21952,3.19,1
14,19,2432,4.09,0
14,20,29120,3.44,1
14,21,9920,4.04,0
14,22,11648,4.04,1
14,23,51776,3.24,1
14,24,26048,2.93,1
14,25,10880,4.04,1
14,26,14016,4.04,1
14,27,40448,3.24,1
14,28,21888,3.24,1
14,29,25600,3.24,1
14,30,49344,3.79,1
14,31,33600,3.34,1
14,32,17984,3.34,1
14,33,11456,4.04,0
14,34,30272,4.04,1
14,35,32128,3.79,1
14,36,74816,3.19,0
14,37,24256,3.79,1
14,38,46976,3.09,1
14,39,23936,3.64,1
14,40,14336,3.84,0
14,41,20544,3.68,1
14,42,19264,3.68,1
14,43,18560,3.68,1
14,44,13120,3.68,1
14,45,69888,3.53,1
14,46,48576,3.58,1
14,47,71424,3.24,0
14,48,20352,3.59,0
14,49,20416,3.59,0
14,50,23232,3.59,1
14,51,48768,3.44,1
14,52,30912,3.04,1
14,53,34816,3.44,1
14,54,53376,2.89,1
14,55,33728,2.89,1
14,56,13568,3.84,0
14,57,19584,3.84,0
14,58,64128,3.34,0
14,59,55232,2.74,1
14,60,13376,3.84,1
14,61,59968,3.24,1
14,62,40640,3.14,1
14,63,30144,3.14,1
14,64,26752,3.43,1
14,65,129152,3.59,1
14,66,38720,3.25,1
14,67,19776,3.78,1
14,68,13440,4.13,0
14,69,17792,4.13,0
14,70,49984,3.34,1
14,71,16832,4.13,1
14,72,16064,4.13,0
14,73,13632,4.13,1
14,74,4224,3.99,0
14,75,88320,3.64,1
14,76,40128,3.78,1
14,77,75776,3.53,1
14,78,45184,3.59,1
14,79,32064,3.34,1
14,80,46272,3.54,1
14,81,15488,4.13,1
14,82,10752,4.13,1
14,83,12288,4.13,0
14,84,92032,3.84,1
14,85,16320,4.13,1
14,86,33472,3.39,1
14,87,57152,3.59,1
14,88,2304,3.24,1
14,89,18240,3.78,1
14,90,13568,4.07,0
14,91,35584,3.87,0
14,92,12672,4.18,1
14,93,33536,3.87,1
14,94,40192,3.39,1
14,95,12992,4.18,0
14,96,19264,4.18,0
14,97,40000,3.67,1
14,98,11968,4.18,0
14,99,95488,3.47,0
14,100,45760,3.7,0
14,101,14976,4.08,0
14,102,44928,3.61,1
14,103,30464,3.61,1
14,104,49088,3.97,0
32,1,23488,4.09,1
32,2,34496,3.59,1
32,3,90240,3.14,1
32,4,37376,3.64,1
32,5,17344,4.09,0
32,6,47680,3.54,1
32,7,129280,3.54,1
32,8,39296,3.54,1
32,9,20928,4.09,0
32,10,14080,4.09,1
32,11,77696,3.69,0
32,12,11264,4.09,1
32,13,76224,3.14,1
32,14,19520,3.99,0
32,15,86912,3.19,1
32,16,26944,3.99,1
32,17,91072,3.19,1
32,18,33984,3.19,1
32,19,14464,4.09,0
32,20,47744,3.44,1
32,21,11712,4.04,0
32,22,12736,4.04,1
32,23,96384,3.24,1
32,24,26880,2.93,1
32,25,13696,4.04,1
32,26,38080,4.04,1
32,27,58112,3.24,1
32,28,39232,3.24,1
32,29,42816,3.24,1
32,30,89280,3.79,1
32,31,46400,3.34,1
32,32,28608,3.34,1
32,33,13952,4.04,0
32,34,17856,4.04,1
32,35,53504,3.79,1
32,36,94400,3.24,0
32,37,24064,3.79,1
32,38,76608,3.09,1
32,39,19712,3.64,1
32,40,13120,3.84,0
32,41,21248,3.68,1
32,42,18432,3.68,1
32,43,20416,3.68,1
32,44,20160,3.68,1
32,45,117568,3.53,1
32,46,68352,3.58,1
32,47,109440,3.24,0
32,48,27136,3.59,0
32,49,20864,3.59,0
32,50,24512,3.59,1
32,51,90880,3.44,1
32,52,43520,3.04,1
32,53,36864,3.44,1
32,54,116992,2.89,1
32,55,44416,2.89,1
32,56,13824,3.84,0
32,57,21376,3.84,0
32,58,128064,3.34,0
32,59,57344,2.74,1
32,60,16512,3.84,1
32,61,93184,3.24,1
32,62,20608,3.14,1
32,63,69056,3.14,1
32,64,28736,3.43,1
32,65,241920,3.59,1
32,66,49600,3.25,1
32,67,33600,3.78,1
32,68,12288,4.13,0
32,69,15552,4.13,0
32,70,63744,3.34,1
32,71,21056,4.13,1
32,72,15296,4.13,0
32,73,12864,4.13,1
32,74,32320,3.99,0
32,75,123200,3.64,1
32,76,63104,3.78,1
32,77,35584,3.53,1
32,78,69760,3.59,1
32,79,33472,3.34,1
32,80,58048,3.54,1
32,81,18112,4.13,1
32,82,11328,4.13,1
32,83,12544,4.13,0
32,84,131328,3.84,1
32,85,12608,4.13,1
32,86,41536,3.39,1
32,87,64768,3.59,1
32,88,57024,3.24,1
32,89,18432,3.78,1
32,90,23488,3.88,0
32,91,25408,3.68,0
32,92,15168,3.77,1
32,93,30336,3.68,1
32,94,56768,3.39,1
32,95,17152,3.77,0
32,96,18560,3.77,0
32,97,32512,3.48,1
32,98,16896,3.77,0
32,99,104448,3.28,0
32,100,54720,3.48,0
32,101,18944,3.67,0
32,102,40896,3.42,1
32,103,34496,3.42,1
32,104,65984,3.56,0
52,1,22400,4.09,1
52,2,39168,3.59,1
52,3,52544,3.14,1
52,4,15552,3.64,1
52,5,12352,4.09,0
52,6,35776,3.54,1
52,7,52992,3.54,1
52,8,14080,3.54,1
52,9,12288,4.09,0
52,10,12288,4.09,1
52,11,44096,3.69,0
52,12,11904,4.09,1
52,13,88448,3.14,1
52,14,25088,3.99,0
52,15,62400,3.19,1
52,16,22144,3.99,1
52,17,78144,3.19,1
52,18,33664,3.19,1
52,19,14464,4.09,0
52,20,40704,3.44,1
52,21,10816,4.04,0
52,22,11968,4.04,1
52,23,80640,3.24,1
52,24,30592,2.93,1
52,25,13056,4.04,1
52,26,25472,4.04,1
52,27,68352,3.24,1
52,28,23232,3.24,1
52,29,42624,3.24,1
52,30,50304,3.79,1
52,31,56384,3.34,1
52,32,20480,3.34,1
52,33,12800,4.04,0
52,34,15936,4.04,1
52,35,38464,3.79,1
52,36,68800,3.24,0
52,37,28096,3.79,1
52,38,69888,3.09,1
52,39,35776,3.64,1
52,40,22336,3.84,0
52,41,40832,3.68,1
52,42,16320,3.68,1
52,43,12544,3.68,1
52,44,14720,3.68,1
52,45,38217,3.68,0
52,46,106304,3.58,1
52,47,99392,3.24,0
52,48,22656,3.59,0
52,49,15296,3.59,0
52,50,19520,3.59,1
52,51,55680,3.44,1
52,52,37568,3.04,1
52,53,40704,3.44,1
52,54,71616,2.89,1
52,55,37760,2.89,1
52,56,12032,3.84,0
52,57,21504,3.84,0
52,58,86144,3.34,0
52,59,50688,2.74,1
52,60,8704,3.84,1
52,61,69440,3.24,1
52,62,38720,3.14,1
52,63,45632,3.14,1
52,64,30720,3.43,1
52,65,153472,3.59,1
52,66,40000,3.25,1
52,67,24576,3.78,1
52,68,12864,4.13,0
52,69,20800,4.13,0
52,70,64384,3.34,1
52,71,13824,4.13,1
52,72,13120,4.13,0
52,73,11776,4.13,1
52,74,29056,3.99,0
52,75,116608,3.64,1
52,76,48512,3.78,1
52,77,105920,3.53,1
52,78,51776,3.59,1
52,79,14080,3.34,1
52,80,55040,3.54,1
52,81,12800,4.13,1
52,82,9472,4.13,1
52,83,12928,4.13,0
52,84,89024,3.84,1
52,85,12608,4.13,1
52,86,40640,3.39,1
52,87,47872,3.59,1
52,88,64128,3.24,1
52,89,22528,3.78,1
52,90,15424,3.98,0
52,91,36544,3.78,0
52,92,13504,3.98,1
52,93,32000,3.78,1
52,94,40960,3.39,1
52,95,14848,3.98,0
52,96,21120,3.98,0
52,97,41856,3.58,1
52,98,12480,3.98,0
52,99,104064,3.38,0
52,100,31232,3.59,0
52,101,19456,3.87,0
52,102,51328,3.52,1
52,103,30400,3.52,1
52,104,50496,3.76,0
62,1,17216,4.09,1
62,2,31296,3.59,1
62,3,38400,3.14,1
62,4,21824,3.64,1
62,5,15744,4.09,0
62,6,31808,3.54,1
62,7,59008,3.54,1
62,8,24448,3.54,1
62,9,11584,4.09,0
62,10,12480,4.09,1
62,11,35328,3.69,0
62,12,11584,4.09,1
62,13,55296,3.14,1
62,14,16768,3.99,0
62,15,48960,3.19,1
62,16,18496,3.99,1
62,17,54976,3.19,1
62,18,28800,3.19,1
62,19,13312,4.09,0
62,20,36608,3.44,1
62,21,12288,4.04,0
62,22,12160,4.04,1
62,23,64704,3.24,1
62,24,33408,2.93,1
62,25,13120,4.04,1
62,26,25344,4.04,1
62,27,56832,3.24,1
62,28,32256,3.24,1
62,29,33408,3.24,1
62,30,51648,3.79,1
62,31,39872,3.34,1
62,32,22976,3.34,1
62,33,14016,4.04,0
62,34,16768,4.04,1
62,35,36160,3.79,1
62,36,62144,3.24,0
62,37,23680,3.79,1
62,38,47680,3.09,1
62,39,20928,3.64,1
62,40,15744,3.84,0
62,41,17920,3.68,1
62,42,16384,3.68,1
62,43,19328,3.68,1
62,44,16384,3.68,1
62,45,52928,3.53,1
62,46,40640,3.58,1
62,47,78016,3.24,0
62,48,22080,3.59,0
62,49,17664,3.59,0
62,50,24064,3.59,1
62,51,50368,3.44,1
62,52,35456,3.04,1
62,53,35520,3.44,1
62,54,52288,2.89,1
62,55,30848,2.89,1
62,56,15808,3.84,0
62,57,22464,3.84,0
62,58,54976,3.34,0
62,59,71296,2.74,1
62,60,10304,3.84,1
62,61,69760,3.24,1
62,62,14592,3.14,1
62,63,36288,3.14,1
62,64,31168,3.43,1
62,65,96192,3.59,1
62,66,40000,3.25,1
62,67,23552,3.78,1
62,68,15808,4.13,0
62,69,19520,4.13,0
62,70,50240,3.34,1
62,71,14592,4.13,1
62,72,15488,4.13,0
62,73,13888,4.13,1
62,74,33664,3.99,0
62,75,85888,3.64,1
62,76,32837,3.64,0
62,77,93632,3.53,1
62,78,31168,3.59,1
62,79,42368,3.34,1
62,80,49280,3.54,1
62,81,15744,4.13,1
62,82,10368,4.13,1
62,83,13184,4.13,0
62,84,62080,3.84,1
62,85,11392,4.13,1
62,86,39296,3.39,1
62,87,43392,3.59,1
62,88,42048,3.24,1
62,89,19264,3.78,1
62,90,18496,3.88,0
62,91,30528,3.68,0
62,92,16512,3.77,1
62,93,36288,3.68,1
62,94,33600,3.39,1
62,95,16384,3.77,0
62,96,25088,3.77,0
62,97,35328,3.48,1
62,98,16320,3.77,0
62,99,88000,3.28,0
62,100,36864,3.48,0
62,101,20032,3.67,0
62,102,44032,3.42,1
62,103,33152,3.42,1
62,104,26752,3.56,0
68,1,17600,4.09,1
68,2,22720,3.59,1
68,3,57664,3.14,1
68,4,23552,3.64,1
68,5,12800,4.09,0
68,6,30016,3.54,1
68,7,73216,3.54,1
68,8,17280,3.54,1
68,9,11328,4.09,0
68,10,12480,4.09,1
68,11,64768,3.69,0
68,12,8064,4.09,1
68,13,87488,3.14,1
68,14,18624,3.99,0
68,15,50816,3.19,1
68,16,18240,3.99,1
68,17,54592,3.19,1
68,18,33600,3.19,1
68,19,11392,4.09,0
68,20,28032,3.44,1
68,21,7424,4.04,0
68,22,6464,4.04,1
68,23,68864,3.24,1
68,24,28992,2.93,1
68,25,9728,4.04,1
68,26,26112,4.04,1
68,27,44736,3.24,1
68,28,40704,3.24,1
68,29,36352,3.24,1
68,30,55936,3.79,1
68,31,40768,3.34,1
68,32,19520,3.34,1
68,33,9344,4.04,0
68,34,11328,4.04,1
68,35,27136,3.79,1
68,36,52224,3.24,0
68,37,29248,3.79,1
68,38,33931,3.79,0
68,39,16768,3.64,1
68,40,12800,3.84,0
68,41,14656,3.68,1
68,42,13760,3.68,1
68,43,12800,3.68,1
68,44,11712,3.68,1
68,45,74240,3.53,1
68,46,33600,3.58,1
68,47,80896,3.24,0
68,48,21440,3.59,0
68,49,24704,3.59,0
68,50,28288,3.59,1
68,51,63808,3.44,1
68,52,37696,3.04,1
68,53,33931,3.04,0
68,54,131008,2.89,1
68,55,48320,2.89,1
68,56,13632,3.84,0
68,57,16384,3.84,0
68,58,97792,3.34,0
68,59,71040,2.74,1
68,60,11392,3.84,1
68,61,71552,3.24,1
68,62,62080,3.14,1
68,63,61504,3.14,1
68,64,16064,3.43,1
68,65,186368,3.59,1
68,66,33152,3.25,1
68,67,15616,3.78,1
68,68,9664,4.13,0
68,69,12480,4.13,0
68,70,42688,3.34,1
68,71,8512,4.13,1
68,72,9344,4.13,0
68,73,7616,4.13,1
68,74,18944,3.99,0
68,75,82048,3.64,1
68,76,37824,3.78,1
68,77,86464,3.53,1
68,78,20288,3.59,1
68,79,30272,3.34,1
68,80,59008,3.54,1
68,81,9536,4.13,1
68,82,6080,4.13,1
68,83,7232,4.13,0
68,84,95232,3.84,1
68,85,16512,4.13,1
68,86,36480,3.39,1
68,87,45376,3.59,1
68,88,43904,3.24,1
68,89,13440,3.78,1
68,90,12288,3.88,0
68,91,19136,3.68,0
68,92,11776,3.77,1
68,93,17024,3.68,1
68,94,37184,3.39,1
68,95,9408,3.77,0
68,96,13824,3.77,0
68,97,22016,3.48,1
68,98,11328,3.77,0
68,99,84032,3.28,0
68,100,36288,3.48,0
68,101,13760,3.67,0
68,102,26240,3.42,1
68,103,18048,3.42,1
68,104,45312,3.56,0
71,1,12096,4.09,1
71,2,20288,3.59,1
71,3,69952,3.14,1
71,4,14720,3.64,1
71,5,11840,4.09,0
71,6,28160,3.54,1
71,7,96512,3.54,1
71,8,33408,3.54,1
71,9,6464,4.09,0
71,10,8000,4.09,1
71,11,60032,3.69,0
71,12,54081,3.69,0
71,13,88576,3.14,1
71,14,7360,3.99,0
71,15,44800,3.19,1
71,16,10688,3.99,1
71,17,60672,3.19,1
71,18,27392,3.19,1
71,19,6400,4.09,0
71,20,16448,3.44,1
71,21,7936,4.04,0
71,22,11520,4.04,1
71,23,61376,3.24,1
71,24,24320,2.93,1
71,25,6720,4.04,1
71,26,12416,4.04,1
71,27,44224,3.24,1
71,28,26816,3.24,1
71,29,19008,3.24,1
71,30,83968,3.79,1
71,31,36096,3.34,1
71,32,10624,3.34,1
71,33,2112,4.04,0
71,34,5632,4.04,1
71,35,24256,3.79,1
71,36,70016,3.24,0
71,37,37760,3.79,1
71,38,64640,3.09,1
71,39,22016,3.64,1
71,40,6336,3.84,0
71,41,7040,3.68,1
71,42,19008,3.68,1
71,43,4736,3.68,1
71,44,6400,3.68,1
71,45,131136,3.54,1
71,46,84864,3.58,1
71,47,70016,2.99,0
71,48,26368,3.36,1
71,49,12992,3.59,1
71,50,16128,3.51,1
71,51,54784,3.24,1
71,52,30016,3.11,1
71,53,40704,2.95,1
71,54,96576,2.89,1
71,55,39488,2.97,1
71,56,7424,3.84,0
71,57,15232,3.44,0
71,58,1186496,3.09,0
71,59,42688,2.82,0
71,60,6080,3.84,0
71,61,292224,2.94,0
71,62,178368,2.96,1
71,63,18432,3.2,1
71,64,27456,3.09,1
71,65,423040,3.4,1
71,66,47168,3.28,1
71,67,14080,3.85,1
71,68,8320,4.13,0
71,69,13376,3.65,0
71,70,54272,3.34,1
71,71,11520,3.83,0
71,72,8896,4.13,0
71,73,6976,4.13,0
71,74,26816,3.99,1
71,75,125888,3.65,1
71,76,54848,3.13,1
71,77,113088,3.12,1
71,78,67840,3.59,1
71,79,38848,3.34,1
71,80,64384,3.54,0
71,81,9600,4.13,0
71,82,5312,4.13,0
71,83,6848,4.12,0
71,84,134784,3.84,1
71,85,8064,3.89,0
71,86,33024,3.39,1
71,87,49280,3.53,1
71,88,45696,3.25,1
71,89,11776,3.73,1
71,90,22912,3.73,0
71,91,99200,3.09,0
71,92,8000,3.85,1
71,93,23040,3.43,1
71,94,53824,3.44,1
71,95,9408,3.98,0
71,96,19712,3.75,0
71,97,35392,3.58,1
71,98,11136,3.98,0
71,99,135296,3.38,0
71,100,51712,3.28,0
71,101,12928,3.82,0
71,102,48832,3.52,1
71,103,20416,3.57,1
71,104,72640,3.25,0
72,1,13952,4.09,1
72,2,28224,3.59,1
72,3,65344,3.14,1
72,4,26752,3.64,1
72,5,11648,4.09,0
72,6,33664,3.54,1
72,7,107456,3.54,1
72,8,34560,3.54,1
72,9,9344,4.09,0
72,10,11840,4.09,1
72,11,60544,3.69,0
72,12,8384,4.09,1
72,13,125184,3.14,1
72,14,22656,3.99,0
72,15,65984,3.19,1
72,16,21696,3.99,1
72,17,82496,3.19,1
72,18,32960,3.19,1
72,19,11072,4.09,0
72,20,34688,3.44,1
72,21,10304,4.04,0
72,22,10112,4.04,1
72,23,79104,3.24,1
72,24,39936,2.93,1
72,25,11392,4.04,1
72,26,17792,4.04,1
72,27,73216,3.24,1
72,28,27328,3.24,1
72,29,21376,3.24,1
72,30,65088,3.79,1
72,31,45568,3.34,1
72,32,18048,3.34,1
72,33,11072,4.04,0
72,34,16576,4.04,1
72,35,48832,3.79,1
72,36,82496,3.24,0
72,37,27008,3.79,1
72,38,60992,3.09,1
72,39,24384,3.64,1
72,40,14144,3.84,0
72,41,13632,3.68,1
72,42,13440,3.68,1
72,43,13312,3.68,1
72,44,12224,3.68,1
72,45,83264,3.53,1
72,46,54784,3.58,1
72,47,89728,3.24,0
72,48,27648,3.59,0
72,49,13952,3.59,0
72,50,20416,3.59,1
72,51,58048,3.44,1
72,52,36352,3.04,1
72,53,33152,3.44,1
72,54,78592,2.89,1
72,55,37248,2.89,1
72,56,10176,3.84,0
72,57,14336,3.84,0
72,58,95168,3.34,0
72,59,60096,2.74,1
72,60,9856,3.84,1
72,61,64064,3.24,1
72,62,30208,3.14,1
72,63,46080,3.14,1
72,64,15744,3.43,1
72,65,199744,3.59,1
72,66,42176,3.25,1
72,67,18624,3.78,1
72,68,11776,4.13,0
72,69,13376,4.13,0
72,70,44992,3.34,1
72,71,12032,4.13,1
72,72,12480,4.13,0
72,73,11136,4.13,1
72,74,29120,3.99,0
72,75,97984,3.64,1
72,76,27264,3.78,1
72,77,9472,3.53,1
72,78,53696,3.59,1
72,79,22144,3.34,1
72,80,50240,3.54,1
72,81,11840,4.13,1
72,82,8320,4.13,1
72,83,8832,4.13,0
72,84,100224,3.84,1
72,85,13632,4.13,1
72,86,33920,3.39,1
72,87,48576,3.59,1
72,88,57216,3.24,1
72,89,15808,3.78,1
72,90,15424,3.88,0
72,91,24768,3.68,0
72,92,11968,3.77,1
72,93,24192,3.68,1
72,94,42624,3.39,1
72,95,13760,3.77,0
72,96,22272,3.77,0
72,97,38464,3.48,1
72,98,16640,3.77,0
72,99,126592,3.28,0
72,100,39360,3.48,0
72,101,17216,3.67,0
72,102,45120,3.42,1
72,103,29632,3.42,1
72,104,39232,3.56,0
93,1,16256,4.09,1
93,2,27136,3.59,1
93,3,50432,3.14,1
93,4,23360,3.64,1
93,5,11648,4.09,0
93,6,26176,3.54,1
93,7,74752,3.54,1
93,8,22592,3.54,1
93,9,9536,4.09,0
93,10,8512,4.09,1
93,11,43520,3.69,0
93,12,10880,4.09,1
93,13,58432,3.14,1
93,14,12672,3.99,0
93,15,51456,3.19,1
93,16,16960,3.99,1
93,17,53312,3.19,1
93,18,28416,3.19,1
93,19,8768,4.09,0
93,20,25088,3.44,1
93,21,8960,4.04,0
93,22,10240,4.04,1
93,23,47424,3.24,1
93,24,29120,2.93,1
93,25,10944,4.04,1
93,26,11712,4.04,1
93,27,39040,3.24,1
93,28,23040,3.24,1
93,29,16000,3.24,1
93,30,41024,3.79,1
93,31,9408,3.34,1
93,32,17728,3.34,1
93,33,12544,4.04,0
93,34,12224,4.04,1
93,35,31360,3.79,1
93,36,53120,3.24,0
93,37,17088,3.79,1
93,38,53440,3.09,1
93,39,22528,3.64,1
93,40,9600,3.84,0
93,41,15360,3.68,1
93,42,12608,3.68,1
93,43,11968,3.68,1
93,44,13888,3.68,1
93,45,309696,3.53,1
93,46,33920,3.58,1
93,47,63168,3.24,0
93,48,19520,3.59,0
93,49,16704,3.59,0
93,50,20224,3.59,1
93,51,49600,3.44,1
93,52,31744,3.04,1
93,53,39616,3.44,1
93,54,35420,3.44,0
93,55,55296,2.89,1
93,56,11584,3.84,0
93,57,22464,3.84,0
93,58,65024,3.34,0
93,59,60416,2.74,1
93,60,11968,3.84,1
93,61,78400,3.24,1
93,62,57856,3.14,1
93,63,40128,3.14,1
93,64,32832,3.43,1
93,65,177024,3.59,1
93,66,43968,3.25,1
93,67,19072,3.78,1
93,68,9856,4.13,0
93,69,17216,4.13,0
93,70,49472,3.34,1
93,71,10688,4.13,1
93,72,10432,4.13,0
93,73,9024,4.13,1
93,74,25920,3.99,0
93,75,95616,3.64,1
93,76,49024,3.78,1
93,77,83904,3.53,1
93,78,41600,3.59,1
93,79,43648,3.34,1
93,80,63808,3.54,1
93,81,11648,4.13,1
93,82,7552,4.13,1
93,83,10624,4.13,0
93,84,89024,3.84,1
93,85,16896,4.13,1
93,86,32448,3.39,1
93,87,41600,3.59,1
93,88,46848,3.24,1
93,89,18432,3.78,1
93,90,13440,4.07,0
93,91,29376,3.87,0
93,92,13632,4.18,1
93,93,34368,3.87,1
93,94,37632,3.39,1
93,95,12608,4.18,0
93,96,19264,4.18,0
93,97,43264,3.67,1
93,98,29568,4.18,0
93,99,121088,3.47,0
93,100,44864,3.7,0
93,101,15232,4.08,0
93,102,46080,3.61,1
93,103,20928,3.61,1
93,104,46528,3.97,0
95,1,9792,4.09,1
95,2,15360,3.59,1
95,3,43712,3.14,1
95,4,15808,3.64,1
95,5,7872,4.09,0
95,6,17728,3.54,1
95,7,73792,3.54,1
95,8,30784,3.54,1
95,9,6848,4.09,0
95,10,7488,4.09,1
95,11,47232,3.69,0
95,12,5504,4.09,1
95,13,70016,3.14,1
95,14,13504,3.99,0
95,15,40192,3.19,1
95,16,10560,3.99,1
95,17,42432,3.19,1
95,18,23488,3.19,1
95,19,6080,4.09,0
95,20,16256,3.44,1
95,21,6912,4.04,0
95,22,7552,4.04,1
95,23,43200,3.24,1
95,24,29056,2.93,1
95,25,9344,4.04,1
95,26,14016,4.04,1
95,27,36992,3.24,1
95,28,27200,3.24,1
95,29,27840,3.24,1
95,30,62912,3.79,1
95,31,21440,3.34,1
95,32,9792,3.34,1
95,33,7424,4.04,0
95,34,11648,4.04,1
95,35,26752,3.79,1
95,36,38656,3.12,0
95,37,18368,3.79,1
95,38,37888,3.09,1
95,39,15808,3.64,1
95,40,4608,3.84,0
95,41,5760,3.68,1
95,42,6080,3.68,1
95,43,7424,3.68,1
95,44,5952,3.68,1
95,45,70080,3.53,1
95,46,47680,3.58,1
95,47,48192,3.24,0
95,48,17344,3.59,0
95,49,11264,3.59,0
95,50,12160,3.59,1
95,51,41856,3.44,1
95,52,26304,3.04,1
95,53,24064,3.44,1
95,54,68992,2.89,1
95,55,33280,2.89,1
95,56,6528,3.84,0
95,57,13824,3.84,0
95,58,85248,3.34,0
95,59,26176,2.74,1
95,60,6080,3.84,1
95,61,41088,3.24,1
95,62,10432,3.14,1
95,63,41728,3.14,1
95,64,18176,3.43,1
95,65,223424,3.59,1
95,66,25152,3.25,1
95,67,12416,3.25,1
95,68,6592,4.13,0
95,69,7488,4.13,0
95,70,27840,3.34,1
95,71,7872,4.13,1
95,72,6336,4.13,0
95,73,4992,4.13,1
95,74,117696,3.49,0
95,75,101056,3.64,1
95,76,26752,3.78,1
95,77,95936,3.53,1
95,78,9728,3.59,1
95,79,48448,3.34,1
95,80,67264,3.54,1
95,81,8576,4.13,1
95,82,4736,4.13,1
95,83,6208,4.13,0
95,84,103744,3.84,1
95,85,11968,4.13,1
95,86,22400,3.39,1
95,87,41984,3.59,1
95,88,44800,3.24,1
95,89,8256,3.78,1
95,90,11008,3.98,0
95,91,14656,3.78,0
95,92,6464,3.98,1
95,93,20544,3.78,1
95,94,44416,3.39,1
95,95,7424,3.98,0
95,96,11136,3.98,0
95,97,20416,3.58,1
95,98,6912,3.98,0
95,99,82112,3.38,0
95,100,26624,3.59,0
95,101,8960,3.87,0
95,102,29888,3.52,1
95,103,18880,3.52,1
95,104,63296,3.76,0
111,1,12096,4.03,1
111,2,15040,3.53,1
111,3,140160,3.14,1
111,4,24832,3.64,1
111,5,11712,4.03,0
111,6,35200,3.48,1
111,7,259904,3.54,1
111,8,45312,3.54,1
111,9,11200,4.03,0
111,10,7744,4.03,1
111,11,81344,3.69,0
111,12,6400,4.03,1
111,13,221760,3.08,1
111,14,22720,3.97,0
111,15,85760,3.17,1
111,16,10944,3.97,1
111,17,86272,3.17,1
111,18,38016,3.17,1
111,19,6976,4.03,0
111,20,28352,3.38,1
111,21,7680,4.03,0
111,22,6912,4.03,1
111,23,84032,3.24,1
111,24,29568,2.87,1
111,25,8704,4.04,1
111,26,13184,4.04,1
111,27,83968,3.24,1
111,28,24064,3.24,1
111,29,31808,3.24,1
111,30,104192,3.79,1
111,31,27456,3.34,1
111,32,9664,3.34,1
111,33,8192,4.04,0
111,34,14784,4.04,1
111,35,64000,3.79,1
111,36,84096,3.24,0
111,37,18944,3.79,1
111,38,132352,3.21,0
111,39,14144,3.65,1
111,40,6016,3.76,0
111,41,10752,3.68,1
111,42,8320,3.68,1
111,43,9408,3.68,1
111,44,9600,3.68,1
111,45,162048,3.55,1
111,46,95680,3.59,1
111,47,88704,3.08,0
111,48,31232,3.22,1
111,49,10624,3.59,1
111,50,21312,3.49,1
111,51,98240,3.21,1
111,52,27072,3.09,1
111,53,32512,3.02,1
111,54,233280,2.89,1
111,55,49216,2.97,1
111,56,8064,3.84,0
111,57,21952,3.43,0
111,58,272640,3.34,1
111,59,33280,2.85,1
111,60,5440,3.84,0
111,61,76800,3.24,0
111,62,20224,3.14,1
111,63,61120,3.2,1
111,64,43648,3,1
111,65,371200,3.39,1
111,66,20608,3.3,1
111,67,11520,3.8,1
111,68,6784,4.1,0
111,69,9472,3.62,0
111,70,69952,3.34,1
111,71,5952,4.13,0
111,72,7232,4.13,0
111,73,5568,4.13,0
111,74,27328,3.99,1
111,75,99392,3.67,1
111,76,44800,3.6,1
111,77,122496,3.53,1
111,78,98304,3.57,1
111,79,24064,3.53,1
111,80,88384,3.54,0
111,81,8768,4.13,0
111,82,5056,4.13,0
111,83,9728,4.11,0
111,84,161344,3.84,1
111,85,7616,3.71,0
111,86,18112,3.39,1
111,87,83520,3.36,1
111,88,77824,3.25,1
111,89,10816,3.66,1
111,90,26752,3.75,0
111,91,44800,3.5,0
111,92,3648,3.84,1
111,93,14656,3.45,1
111,94,58176,3.44,1
111,95,43264,3.24,1
111,96,12800,3.6,0
111,97,27136,3.58,1
111,98,7296,3.98,0
111,99,126080,3.38,0
111,100,57536,3.19,0
111,101,8512,3.83,0
111,102,17344,3.52,1
111,103,10944,3.57,1
111,104,100736,3.25,0
123,1,10240,4.09,1
123,2,17984,3.59,1
123,3,103488,3.14,1
123,4,20160,3.64,1
123,5,14656,4.09,0
123,6,38656,3.54,1
123,7,167360,3.54,1
123,8,26816,3.54,1
123,9,10752,4.09,0
123,10,11072,4.09,1
123,11,110656,3.69,0
123,12,9600,4.09,1
123,13,154752,3.14,1
123,14,18176,3.99,0
123,15,51712,3.19,1
123,16,15808,3.99,1
123,17,91648,3.19,1
123,18,19200,3.19,1
123,19,11072,4.09,0
123,20,37248,3.44,1
123,21,10944,4.04,0
123,22,12416,4.04,1
123,23,88000,3.24,1
123,24,68736,2.93,1
123,25,13248,4.04,1
123,26,19904,4.04,1
123,27,78272,3.24,1
123,28,22912,3.24,1
123,29,26880,3.24,1
123,30,103040,3.79,1
123,31,41216,3.34,1
123,32,14912,3.34,1
123,33,12096,4.04,0
123,34,19776,4.04,1
123,35,61568,3.79,1
123,36,88192,3.24,0
123,37,27072,3.79,1
123,38,112064,3.21,1
123,39,23168,3.61,1
123,40,11584,3.76,0
123,41,13888,3.68,1
123,42,19840,3.65,1
123,43,11904,3.68,1
123,44,11008,3.68,1
123,45,114944,3.55,1
123,46,50880,3.58,1
123,47,111744,3.12,0
123,48,29824,3.18,1
123,49,17280,3.59,1
123,50,24640,3.5,1
123,51,99136,3.21,1
123,52,42496,3.06,1
123,53,24512,3.1,1
123,54,143040,2.89,1
123,55,32512,3.07,1
123,56,11008,3.84,0
123,57,23424,3.51,0
123,58,132800,3.34,1
123,59,75072,2.86,1
123,60,11456,3.83,0
123,61,95744,3.24,0
123,62,20864,3.14,1
123,63,46400,3.21,1
123,64,28288,3.06,1
123,65,280448,3.42,1
123,66,31872,3.31,1
123,67,13248,3.82,1
123,68,10240,4.13,0
123,69,14080,3.67,0
123,70,74880,3.34,1
123,71,10048,4.13,0
123,72,8960,4.13,0
123,73,8192,4.13,0
123,74,41856,3.73,1
123,75,86656,3.7,1
123,76,34496,3.64,1
123,77,100352,3.53,1
123,78,71680,3.59,1
123,79,37184,3.44,1
123,80,94720,3.54,0
123,81,9280,4.13,0
123,82,6400,4.13,0
123,83,10944,4.1,0
123,84,114816,3.84,1
123,85,15488,3.71,0
123,86,41280,3.39,1
123,87,74816,3.36,1
123,88,54336,3.29,1
123,89,13504,3.75,1
123,90,28224,3.84,0
123,91,28736,3.78,0
123,92,7680,3.85,1
123,93,41472,3.52,1
123,94,60608,3.44,1
123,95,9792,3.98,0
123,96,17152,3.75,0
123,97,34240,3.58,1
123,98,11904,3.98,0
123,99,139008,3.38,0
123,100,44160,3.24,0
123,101,23168,3.83,0
123,102,23936,3.52,1
123,103,14336,3.6,1
123,104,64512,3.27,0
124,1,26176,4.09,1
124,2,27776,3.59,1
124,3,83456,3.14,1
124,4,26368,3.64,1
124,5,13248,4.09,0
124,6,40128,3.54,1
124,7,103680,3.54,1
124,8,27904,3.54,1
124,9,9408,4.09,0
124,10,11392,4.09,1
124,11,77824,3.69,0
124,12,7360,4.09,1
124,13,124800,3.14,1
124,14,26880,3.99,0
124,15,80384,3.19,1
124,16,12672,3.99,1
124,17,75840,3.19,1
124,18,25152,3.19,1
124,19,7360,4.09,0
124,20,39424,3.44,1
124,21,7424,4.04,0
124,22,9728,4.04,1
124,23,73856,3.24,1
124,24,32064,2.93,1
124,25,12480,4.04,1
124,26,21312,4.04,1
124,27,61376,3.24,1
124,28,26880,3.24,1
124,29,19840,3.24,1
124,30,58304,3.79,1
124,31,26688,3.34,1
124,32,12800,3.34,1
124,33,8448,4.04,0
124,34,9792,4.04,1
124,35,43968,3.79,1
124,36,68480,3.24,0
124,37,21952,3.39,1
124,38,78720,3.29,1
124,39,19968,3.6,1
124,40,8448,3.78,0
124,41,13056,3.68,1
124,42,12544,3.68,1
124,43,10752,3.68,1
124,44,12672,3.68,1
124,45,90560,3.54,1
124,46,51968,3.61,1
124,47,77056,3.09,0
124,48,24448,3.34,1
124,49,17280,3.59,1
124,50,23680,3.52,1
124,51,73536,3.21,1
124,52,31872,3.14,1
124,53,35520,3.01,1
124,54,113152,2.89,1
124,55,51584,3.05,1
124,56,10816,3.84,0
124,57,15616,3.56,0
124,58,93056,3.34,1
124,59,45568,2.92,1
124,60,10752,3.84,0
124,61,72000,3.23,0
124,62,10432,3.82,1
124,63,39168,3.18,1
124,64,22336,3.11,1
124,65,216704,3.41,1
124,66,34048,3.27,1
124,67,15680,3.83,1
124,68,7488,4.13,0
124,69,8832,3.64,0
124,70,38848,3.34,1
124,71,9472,4.13,0
124,72,15936,3.82,0
124,73,8640,4.06,0
124,74,30656,3.8,1
124,75,78464,3.67,1
124,76,23616,3.64,1
124,77,54528,3.53,1
124,78,40704,3.59,1
124,79,31744,3.35,1
124,80,55488,3.54,0
124,81,5824,4.13,0
124,82,3648,4.13,0
124,83,4800,4.11,0
124,84,90240,3.84,1
124,85,10176,3.72,0
124,86,28416,3.39,1
124,87,49664,3.41,1
124,88,51392,3.25,1
124,89,13888,3.8,1
124,90,8576,4.09,0
124,91,16064,3.82,0
124,92,7104,4,1
124,93,22528,3.52,1
124,94,38208,3.45,1
124,95,8128,4.18,0
124,96,11264,3.86,0
124,97,25792,3.67,1
124,98,9920,4.18,0
124,99,75904,3.47,0
124,100,24064,3.66,0
124,101,10816,4.04,0
124,102,29184,3.61,1
124,103,14720,3.68,1
124,104,39488,3.37,0
130,1,14656,4.09,1
130,2,21696,3.59,1
130,3,100672,3.14,1
130,4,9664,3.64,1
130,5,8448,4.09,0
130,6,34752,3.54,1
130,7,196480,3.54,1
130,8,8192,3.54,1
130,9,12544,4.09,0
130,10,9728,4.09,1
130,11,113728,3.69,0
130,12,10368,4.09,1
130,13,74496,3.14,1
130,14,46092,3.14,0
130,15,74624,3.19,1
130,16,17664,3.99,1
130,17,82624,3.19,1
130,18,44224,3.19,1
130,19,6784,4.09,0
130,20,29632,3.44,1
130,21,6016,4.09,0
130,22,7296,4.09,1
130,23,86720,3.24,1
130,24,19776,2.93,1
130,25,46092,2.93,0
130,26,33920,4.04,1
130,27,80320,3.24,1
130,28,49152,3.24,1
130,29,27584,3.24,1
130,30,109440,3.79,1
130,31,25536,3.34,1
130,32,15488,3.34,1
130,33,8640,4.04,0
130,34,10304,4.04,1
130,35,46528,3.79,1
130,36,84224,3.24,0
130,37,54784,3.79,1
130,38,94208,3.21,0
130,39,23872,3.56,1
130,40,9152,3.79,0
130,41,11520,3.68,1
130,42,11840,3.68,1
130,43,12288,3.68,1
130,44,7808,3.68,1
130,45,131904,3.52,1
130,46,73920,3.52,1
130,47,98368,3.05,0
130,48,25920,3.15,1
130,49,21568,3.59,1
130,50,24256,3.52,1
130,51,107648,2.95,1
130,52,67392,2.95,1
130,53,56832,2.93,1
130,54,154176,2.84,1
130,55,57024,3.01,1
130,56,11264,3.84,0
130,57,31296,3.43,0
130,58,216832,3.34,1
130,59,91968,2.76,1
130,60,10560,3.84,0
130,61,106560,3.24,0
130,62,31040,3.14,1
130,63,66112,3.22,1
130,64,18240,3.12,1
130,65,290560,3.35,1
130,66,43456,3.31,1
130,67,11456,3.78,1
130,68,7616,3.98,0
130,69,25536,3.38,0
130,70,51648,3.34,1
130,71,10432,4.13,0
130,72,7552,4.1,0
130,73,7232,4.13,0
130,74,23104,3.64,1
130,75,118528,3.53,1
130,76,20096,3.62,1
130,77,120512,3.52,1
130,78,94528,3.55,1
130,79,27520,3.38,1
130,80,59200,3.54,0
130,81,7872,4.13,0
130,82,4032,4.07,0
130,83,6336,4.11,0
130,84,142080,3.84,1
130,85,13184,3.66,0
130,86,35456,3.39,1
130,87,43264,3.31,1
130,88,57408,3.25,1
130,89,8896,3.74,1
130,90,11072,3.83,0
130,91,15616,3.68,0
130,92,7936,3.73,1
130,93,24576,3.44,1
130,94,61568,3.41,1
130,95,7488,3.77,0
130,96,10752,3.64,0
130,97,33216,3.48,1
130,98,9472,3.77,0
130,99,101888,3.25,0
130,100,50048,3.19,0
130,101,11840,3.63,0
130,102,22464,3.42,1
130,103,13312,3.47,1
130,104,64576,3.16,0
137,1,24768,4.09,1
137,2,46400,3.59,1
137,3,81152,3.14,1
137,4,28736,3.64,1
137,5,22528,4.09,0
137,6,51328,3.54,1
137,7,110336,3.54,1
137,8,40576,3.54,1
137,9,15616,4.09,0
137,10,17024,4.09,1
137,11,79808,3.69,0
137,12,13632,4.09,1
137,13,156992,3.14,1
137,14,37632,3.99,0
137,15,93760,3.19,1
137,16,25536,3.99,1
137,17,121728,3.19,1
137,18,75328,3.19,1
137,19,23360,4.09,0
137,20,57408,3.44,1
137,21,24192,4.04,0
137,22,18112,4.04,1
137,23,134144,3.24,1
137,24,62208,2.93,1
137,25,17152,4.04,1
137,26,35456,4.04,1
137,27,99392,3.24,1
137,28,80128,3.24,1
137,29,71296,3.24,1
137,30,94912,3.79,1
137,31,79872,3.34,1
137,32,37568,3.34,1
137,33,19584,4.04,0
137,34,19584,4.04,1
137,35,58432,3.79,1
137,36,129728,3.24,0
137,37,31808,3.79,1
137,38,81920,3.22,0
137,39,57984,3.59,1
137,40,27648,3.78,0
137,41,23168,3.68,1
137,42,26304,3.68,1
137,43,21952,3.68,1
137,44,21760,3.68,1
137,45,99008,3.55,1
137,46,62912,3.6,1
137,47,127872,3.1,0
137,48,32896,3.42,1
137,49,30016,3.59,1
137,50,28288,3.51,1
137,51,75904,3.27,1
137,52,76672,3.07,1
137,53,100096,2.91,1
137,54,139008,2.89,1
137,55,86464,2.96,1
137,56,18240,3.84,0
137,57,43328,3.41,0
137,58,117440,3.34,1
137,59,128128,2.77,1
137,60,18112,3.84,0
137,61,132224,3.24,0
137,62,110912,3.14,1
137,63,105152,3.17,1
137,64,50176,3.06,1
137,65,216256,3.37,1
137,66,106880,3.29,1
137,67,71872,3.73,1
137,68,25408,4.09,0
137,69,28224,3.67,0
137,70,102656,3.34,1
137,71,33280,4.13,0
137,72,29760,4.13,0
137,73,21760,4.09,0
137,74,44160,3.99,1
137,75,155840,3.67,1
137,76,101760,3.66,1
137,77,99904,3.53,1
137,78,77120,3.56,1
137,79,75008,3.37,1
137,80,82176,3.52,0
137,81,30016,4.12,0
137,82,19968,4.13,0
137,83,21504,4.12,0
137,84,121344,3.84,1
137,85,29056,3.72,0
137,86,55616,3.39,1
137,87,75840,3.38,1
137,88,109824,3.27,1
137,89,46080,3.75,1
137,90,43264,3.66,0
137,91,61952,3.29,0
137,92,29952,3.34,1
137,93,52288,3.35,1
137,94,70976,3.41,1
137,95,28352,3.77,0
137,96,43712,3.64,0
137,97,80640,3.48,1
137,98,33920,3.77,0
137,99,195584,3.28,0
137,100,71360,3.34,0
137,101,34944,3.61,0
137,102,79616,3.42,1
137,103,43840,3.46,1
137,104,94208,3.14,0